scrape,wmsite,dateaccess,dispensaryname,address,city,zipcode
101,"http://weedmaps.com/deliveries/all-time-high","2015-11-22","All Time High","Delivery Only, Seattle, WA 98032","Seattle","98032"
127,"http://weedmaps.com/deliveries/all-time-high","2016-05-22","All Time High","DELIVERY ONLY, Seattle, WA 98032","Seattle","98032"
101,"http://weedmaps.com/deliveries/bad-boy-buds-2","2015-11-21","Bad Boy Buds","Delivery, East & West Vancouver, Camas, Washougal, Salmon Creek, Battleground & Surrounding Clartk County Areas, WA 98683","East & West Vancouver, Camas, Washougal, Salmon Creek, Battleground & Surrounding Clartk County Areas","98683"
101,"http://weedmaps.com/deliveries/blue-wings-delivery","2015-11-22","Blue Wings Delivery - Vancouver","., Vancouver, WA .","Vancouver","."
127,"http://weedmaps.com/deliveries/blue-wings-delivery","2016-05-23","Blue Wings Delivery - Vancouver","DELIVERY ONLY, Vancouver, WA .","Vancouver","."
101,"http://weedmaps.com/deliveries/chronic-pain-curables-deliveries","2015-11-22","Supreme Green Delivery","DELIVERY ONLY, Lynwood, WA 98087","Lynwood","98087"
127,"http://weedmaps.com/deliveries/chronic-pain-curables-deliveries","2016-05-22","Supreme Green Delivery","DELIVERY ONLY, Seattle, WA 98101","Seattle","98101"
101,"http://weedmaps.com/deliveries/chronically-on-time","2015-11-22","Chronically - On - Time","Delivery Only, Port Angeles, washington 98363","Port Angeles","98363"
127,"http://weedmaps.com/deliveries/chronically-on-time","2016-05-23","Chronically - On - Time","DELIVERY ONLY, Port Angeles, washington 98363","Port Angeles","98363"
101,"http://weedmaps.com/deliveries/clear-mind-medical","2015-11-22","Clear Mind Medical","Delivery ***NEW LOWER PRICES***, Vancouver, WA 98665","Vancouver","98665"
127,"http://weedmaps.com/deliveries/clear-mind-medical","2016-05-22","Clear Mind Medical","DELIVERY ONLY, Vancouver, WA 98665","Vancouver","98665"
101,"http://weedmaps.com/deliveries/danny-s-greenlight-delivery","2015-11-22","DANNY'S GREENLIGHT DELIVERY","Delivery Service, Greater Eastside, WA 98005","Greater Eastside","98005"
127,"http://weedmaps.com/deliveries/danny-s-greenlight-delivery","2016-05-23","DANNY'S GREENLIGHT DELIVERY","DELIVERY ONLY, Greater Eastside, WA 98005","Greater Eastside","98005"
101,"http://weedmaps.com/deliveries/east-side-free","2015-11-22","Eastside Free Delivery","Delivery Service, East and North Seattle Area, Wa 98006","East and North Seattle Area","98006"
101,"http://weedmaps.com/deliveries/enc-delivery","2015-11-22","Eagle's Nest Delivery","Delivery, Vancouver, Washington 98665","Vancouver","98665"
127,"http://weedmaps.com/deliveries/enc-delivery","2016-05-23","Eagle's Nest Delivery","DELIVERY ONLY, Vancouver, Washington 98665","Vancouver","98665"
127,"http://weedmaps.com/deliveries/flowers-4-less-2","2016-05-23","Flowers 4 Less","DELIVERY ONLY, Spokane, WA 99205","Spokane","99205"
127,"http://weedmaps.com/deliveries/friendly-faces","2016-05-22","WeeDeliver - Des Moines","DELIVERY ONLY, Des Moines, WA 98198","Des Moines","98198"
101,"http://weedmaps.com/deliveries/fullys-wildflowers","2015-11-22","Fullys Wildflowers ","clark county, Vancouver, WA 98665","Vancouver","98665"
127,"http://weedmaps.com/deliveries/fullys-wildflowers","2016-05-23","Fullys Wildflowers ","DELIVERY ONLY, Vancouver, WA 98665","Vancouver","98665"
101,"http://weedmaps.com/deliveries/george-and-martha-s-home-grown","2015-11-22","George and Martha's Home Grown","DELIVERIES ONLY, Issaquah, WA 98027","Issaquah","98027"
127,"http://weedmaps.com/deliveries/george-and-martha-s-home-grown","2016-05-23","George and Martha's Home Grown","DELIVERY ONLY, Issaquah, WA 98027","Issaquah","98027"
101,"http://weedmaps.com/deliveries/green-fly","2015-11-22","GreenFly","None, DELIVERY ONLY, WA 98031","DELIVERY ONLY","98031"
127,"http://weedmaps.com/deliveries/green-legacy-fine-cannabis","2016-05-22","Green Legacy Fine Cannabis - Downtown/Hazel Dell","DELIVERY ONLY, Vancouver, WA 98660","Vancouver","98660"
127,"http://weedmaps.com/deliveries/green-legacy-fine-cannabis-2","2016-05-23","Green Legacy Fine Cannabis - Salmon Creek/Mt.Vista","DELIVERY ONLY, Vancouver, WA 98686","Vancouver","98686"
101,"http://weedmaps.com/deliveries/green-life-organics-bellevue","2015-11-22","Green Life Organics - Bellevue","989 112th Ave NE, Bellevue, Kirkland, Juanita, Bothell, Woodinville, Redmond, Sammamish, Duvall, Issaquah, Renton, Seattle, Kent, WA 98004","Bellevue, Kirkland, Juanita, Bothell, Woodinville, Redmond, Sammamish, Duvall, Issaquah, Renton, Seattle, Kent","98004"
101,"http://weedmaps.com/deliveries/green-life-organics-seattle","2015-11-22","Green Life Organics","DELIVERIES ONLY, Seattle, WA 98108","Seattle","98108"
127,"http://weedmaps.com/deliveries/green-queen-organic-horticulture","2016-05-22","Green Queen Organic Horticulture - Downtown","DELIVERY ONLY, Vancouver, Washington 98660","Vancouver","98660"
127,"http://weedmaps.com/deliveries/green-queen-organic-horticulture-2-2","2016-05-23","Green Queen Organic Horticulture - St. Johns","DELIVERY ONLY, Vancouver, Washington 98661","Vancouver","98661"
127,"http://weedmaps.com/deliveries/green-queen-organic-horticulture-2-3","2016-05-22","Green Queen Organic Horticulture - Camas/Cascade","DELIVERY ONLY, Vancouver, Washington 98684","Vancouver","98684"
127,"http://weedmaps.com/deliveries/green-queen-organic-horticulture-camas","2016-05-23","Green Queen Organic Horticulture - Hazel Dell/Lake Shore","DELIVERY ONLY, Vancouver, Washington 98665","Vancouver","98665"
127,"http://weedmaps.com/deliveries/green-queen-organic-horticulture-hazel-dell","2016-05-22","Green Queen Organic Horticulture - Mt. Vista/Salmon Creek/Brush Prairie","DELIVERY ONLY, Vancouver, Washington 98686","Vancouver","98686"
101,"http://weedmaps.com/deliveries/herbalchoice","2015-11-22","Greenfly ","19011 68th ave S. STE A-110, Tukwila, WA 98188","Tukwila","98188"
127,"http://weedmaps.com/deliveries/honey-well","2016-05-22","Honey Well - Puyallup","DELIVERY ONLY, Puyallup, WA 98373","Puyallup","98373"
101,"http://weedmaps.com/deliveries/igreenlife","2015-11-22","Green Life Organics","Delivery Mercer Island, Mercer Island, WA 98040","Mercer Island","98040"
101,"http://weedmaps.com/deliveries/kind-for-cures","2015-11-22","Kind For Cures Foundation ","Vancouver Delivery, Vancouver, Washington 98664","Vancouver","98664"
127,"http://weedmaps.com/deliveries/kind-for-cures","2016-05-23","Kind For Cures Foundation ","DELIVERY ONLY, Vancouver, Washington 98664","Vancouver","98664"
127,"http://weedmaps.com/deliveries/master-peace-medibles","2016-05-23","Master Peace Medibles","DELIVERY ONLY, Marysville, WA 98270","Marysville","98270"
101,"http://weedmaps.com/deliveries/meangreens1","2015-11-22","Mean Greens ","jackson highway, chehalis, wa 98532","chehalis","98532"
127,"http://weedmaps.com/deliveries/meangreens1","2016-05-23","Mean Greens ","DELIVERY ONLY, chehalis, wa 98532","chehalis","98532"
101,"http://weedmaps.com/deliveries/medcan-delivery","2015-11-22","MedCan Delivery - Lynnwood 98036","DELIVERIES ONLY, Lynnwood, Mountlake Terrace, Edmonds, Bothell, Seattle, WA 98036, 98043, 98020, 98026, 98021, 98133, 98177","Lynnwood, Mountlake Terrace, Edmonds, Bothell, Seattle","98036, 98043, 98020, 98026, 98021, 98133, 98177"
101,"http://weedmaps.com/deliveries/medcan-delivery-3","2015-11-22","MedCan Delivery - Everett 98204","Snohomish County, Washington, Everett, Lynnwood, Mill Creek, Snohomish, Wa 98204, 98208, 98201, 98205, 98203, 98037, 98087, 98012","Everett, Lynnwood, Mill Creek, Snohomish","98204, 98208, 98201, 98205, 98203, 98037, 98087, 98012"
101,"http://weedmaps.com/deliveries/medcan-delivery-bellevue-kirkland","2015-11-22","MedCan Delivery - Bellevue 98004","Delivery Only, Bellevue, Kirkland, Juanita, Bothell, Woodinville, Redmond, Sammamish, Duvall, Issaquah, WA 98004, 98034, 98033, 98072","Bellevue, Kirkland, Juanita, Bothell, Woodinville, Redmond, Sammamish, Duvall, Issaquah","98004, 98034, 98033, 98072"
127,"http://weedmaps.com/deliveries/medcan-delivery-bellevue-kirkland","2016-05-22","MedCan Delivery - Bellevue ","DELIVERY ONLY, Bellevue, WA 98004","Bellevue","98004"
101,"http://weedmaps.com/deliveries/natural-alternatives-2","2015-11-22","Natural Alternatives - Serving Clark County","Medical Delivery Only, Vancouver, WA 98661","Vancouver","98661"
127,"http://weedmaps.com/deliveries/natural-alternatives-2","2016-05-22","Natural Alternatives - Serving Clark County","DELIVERY ONLY, Vancouver, WA 98661","Vancouver","98661"
101,"http://weedmaps.com/deliveries/northwest-canna-club","2015-11-21","NW Canna Club","32201 Kent Black Diamond Rd Unit#4, Auburn, WA 98092","Auburn","98092"
101,"http://weedmaps.com/deliveries/northwest-gardens-battle-ground","2015-11-22","Northwest Gardens - Battle Ground","DELIVERY ONLY, Battle Ground, WA 98604","Battle Ground","98604"
127,"http://weedmaps.com/deliveries/northwest-gardens-battle-ground","2016-05-22","Northwest Gardens - Battle Ground","DELIVERY ONLY, Battle Ground, WA 98604","Battle Ground","98604"
101,"http://weedmaps.com/deliveries/northwest-gardens-brush-prairie","2015-11-21","Northwest Gardens - Brush Prairie","DELIVERY ONLY, Brush Prairie, WA 98606","Brush Prairie","98606"
127,"http://weedmaps.com/deliveries/northwest-gardens-brush-prairie","2016-05-22","Northwest Gardens - Brush Prairie","DELIVERY ONLY, Brush Prairie, WA 98606","Brush Prairie","98606"
101,"http://weedmaps.com/deliveries/northwest-gardens-camas-mmj","2015-11-22","Northwest Gardens - Camas","DELIVERY ONLY, Camas, WA 98607","Camas","98607"
127,"http://weedmaps.com/deliveries/northwest-gardens-camas-mmj","2016-05-22","Northwest Gardens - Camas","DELIVERY ONLY, Camas, WA 98607","Camas","98607"
101,"http://weedmaps.com/deliveries/northwest-gardens-cascade-park-east","2015-11-22","Northwest Gardens - Cascade Park East","DELIVERY ONLY, Cascade Park East, WA 98683","Cascade Park East","98683"
127,"http://weedmaps.com/deliveries/northwest-gardens-cascade-park-east","2016-05-22","Northwest Gardens - Cascade Park East","DELIVERY ONLY, Cascade Park East, WA 98683","Cascade Park East","98683"
101,"http://weedmaps.com/deliveries/northwest-gardens-felida","2015-11-22","Northwest Gardens - Felida","DELIVERY ONLY, Felida, WA 98685","Felida","98685"
127,"http://weedmaps.com/deliveries/northwest-gardens-felida","2016-05-22","Northwest Gardens - Felida","DELIVERY ONLY, Felida, WA 98685","Felida","98685"
101,"http://weedmaps.com/deliveries/northwest-gardens-hazel-dell","2015-11-22","Northwest Gardens - Hazel Dell","DELIVERY ONLY, Hazel Dell, WA 98665","Hazel Dell","98665"
127,"http://weedmaps.com/deliveries/northwest-gardens-hazel-dell","2016-05-22","Northwest Gardens - Hazel Dell","DELIVERY ONLY, Hazel Dell, WA 98665","Hazel Dell","98665"
101,"http://weedmaps.com/deliveries/northwest-gardens-lake-shore","2015-11-22","Northwest Gardens - Lake Shore","DELIVERY ONLY, Lake Shore, WA 98665","Lake Shore","98665"
127,"http://weedmaps.com/deliveries/northwest-gardens-lake-shore","2016-05-22","Northwest Gardens - Lake Shore","DELIVERY ONLY, Lake Shore, WA 98665","Lake Shore","98665"
101,"http://weedmaps.com/deliveries/northwest-gardens-mill-plain","2015-11-22","Northwest Gardens - Mill Plain","DELIVERY ONLY, Mill Plain, WA 98683","Mill Plain","98683"
127,"http://weedmaps.com/deliveries/northwest-gardens-mill-plain","2016-05-23","Northwest Gardens - Mill Plain","DELIVERY ONLY, Mill Plain, WA 98683","Mill Plain","98683"
101,"http://weedmaps.com/deliveries/northwest-gardens-orchards","2015-11-21","Northwest Gardens - Orchards","DELIVERY ONLY, Orchards, WA 98662","Orchards","98662"
127,"http://weedmaps.com/deliveries/northwest-gardens-orchards","2016-05-22","Northwest Gardens - Orchards","DELIVERY ONLY, Orchards, WA 98662","Orchards","98662"
101,"http://weedmaps.com/deliveries/northwest-gardens-salmon-creek","2015-11-21","Northwest Gardens - Salmon Creek","DELIVERY ONLY, Salmon Creek, WA 98686","Salmon Creek","98686"
127,"http://weedmaps.com/deliveries/northwest-gardens-salmon-creek","2016-05-22","Northwest Gardens - Salmon Creek","DELIVERY ONLY, Salmon Creek, WA 98686","Salmon Creek","98686"
101,"http://weedmaps.com/deliveries/northwest-gardens-vancouver","2015-11-22","Northwest Gardens - Vancouver","DELIVERY ONLY, Vancouver, WA 98662","Vancouver","98662"
127,"http://weedmaps.com/deliveries/northwest-gardens-vancouver","2016-05-23","Northwest Gardens - Vancouver","DELIVERY ONLY, Vancouver, WA 98662","Vancouver","98662"
101,"http://weedmaps.com/deliveries/pacific-green-canyon-drive","2015-11-22","Pacific Green &amp; Delivery","DELIVERIES ONLY, Pacific, WA 98047","Pacific","98047"
101,"http://weedmaps.com/deliveries/pacific-green-delivery","2015-11-22","Pacific Green &amp; Delivery - Auburn","1202 A Street South East, Auburn, Washington 98002","Auburn","98002"
127,"http://weedmaps.com/deliveries/pacific-green-delivery","2016-05-22","Pacific Green & Delivery - Auburn","DELIVERY ONLY, Auburn, Washington 98002","Auburn","98002"
101,"http://weedmaps.com/deliveries/pacific-green-delivery-graham","2015-11-22","Pacific Green &amp; Delivery - Graham","DELIVERIES ONLY, Graham, WA 98338","Graham","98338"
101,"http://weedmaps.com/deliveries/pacific-green-delivery-orting","2015-11-22","Pacific Green &amp; Delivery - Orting","DELIVERIES ONLY, Orting, WA 98360","Orting","98360"
101,"http://weedmaps.com/deliveries/pacific-green-delivery-puyallup","2015-11-22"," Pacific Green &amp; Delivery - Puyallup","DELIVERIES ONLY, Puyallup, WA 98371","Puyallup","98371"
101,"http://weedmaps.com/deliveries/pacific-green-delivery-tacoma","2015-11-22","Pacific Green &amp; Delivery - North Tacoma","DELIVERIES ONLY, Tacoma, WA 98409","Tacoma","98409"
101,"http://weedmaps.com/deliveries/pacific-green-delivery-tacoma-washington","2015-11-21","Pacific Green &amp; Delivery - West End","DELIVERIES ONLY, Tacoma, WA 98407","Tacoma","98407"
101,"http://weedmaps.com/deliveries/pacific-green-kent","2015-11-21","Pacific Green &amp; Delivery - Federal Way","DELIVERIES ONLY, Federal Way, WA 98003","Federal Way","98003"
127,"http://weedmaps.com/deliveries/pacific-green-kent","2016-05-22","Pacific Green & Delivery - Federal Way","DELIVERY ONLY, Federal Way, WA 98003","Federal Way","98003"
101,"http://weedmaps.com/deliveries/pacific-green-kent-renton","2015-11-22","Pacific Green &amp; Delivery - Kent ","DELIVERIES ONLY, Kent, WA 98030","Kent","98030"
101,"http://weedmaps.com/deliveries/pacific-green-milton","2015-11-22","Pacific Green &amp; Delivery - Milton","DELIVERIES ONLY, Milton, WA 98354","Milton","98354"
127,"http://weedmaps.com/deliveries/pacific-green-milton","2016-05-22","Pacific Green & Delivery - Kent","DELIVERY ONLY, Kent, WA 98030","Kent","98030"
101,"http://weedmaps.com/deliveries/pacific-green-somner","2015-11-21","Pacific Green &amp; Delivery - Sumner","DELIVERIES ONLY, Sumner, WA 98390","Sumner","98390"
101,"http://weedmaps.com/deliveries/patients-first-delivery","2015-11-22","Asotin 420 Medical ","None, Asotin, WA 99164","Asotin","99164"
101,"http://weedmaps.com/deliveries/sherman-s-blend-and-cannabis-delivery","2015-11-21","Sherman's Blend and Cannabis Delivery","Deliveries Only, Seattle, Wa 98109","Seattle","98109"
101,"http://weedmaps.com/deliveries/sherman-s-blend-and-cannabis-delivery-2","2015-11-22","Sherman's Blend and Cannabis Delivery","Delivery, Seattle, WA 98103","Seattle","98103"
101,"http://weedmaps.com/deliveries/sherman-s-blend-and-cannabis-delivery-2-2","2015-11-22","Sherman's Blend and Cannabis Delivery","DELIVERY ONLY, Seattle, WA 98112","Seattle","98112"
101,"http://weedmaps.com/deliveries/simple-confidential-ideal-medical-spokane","2015-11-22","Simple Confidential Ideal Medical","Deliveries Only, Spokane, WA 99208","Spokane","99208"
127,"http://weedmaps.com/deliveries/simple-confidential-ideal-medical-spokane","2016-05-22","Simple Confidential Ideal Medical","DELIVERY ONLY, Spokane, WA 99208","Spokane","99208"
101,"http://weedmaps.com/deliveries/supreme-green-delivery","2015-11-22","Supreme Green Delivery","None, renton, wa 98057","renton","98057"
127,"http://weedmaps.com/deliveries/supreme-green-delivery","2016-05-23","Supreme Green Delivery","DELIVERY ONLY, Seattle, wa 98102","Seattle","98102"
101,"http://weedmaps.com/deliveries/supreme-green-delivery-2","2015-11-21","Supreme Green Delivery","None, Seattle, WA 98101","Seattle","98101"
127,"http://weedmaps.com/deliveries/supreme-green-delivery-2","2016-05-22","Supreme Green Delivery","DELIVERY ONLY, Vancouver, WA 98661","Vancouver","98661"
101,"http://weedmaps.com/deliveries/supreme-green-delivery-2-2","2015-11-22","Supreme Green Delivery","None, West Seattle, WA 98116","West Seattle","98116"
101,"http://weedmaps.com/deliveries/the-chubby-pug","2015-11-22","The Chubby Pug","1xx1 Walnut street, Everett, WA 98201","Everett","98201"
101,"http://weedmaps.com/deliveries/the-green-cross-2","2015-11-22","The Green Cross, Washington Dispensary","DELIVERIES ONLY, Vancouver, Washington 98642","Vancouver","98642"
127,"http://weedmaps.com/deliveries/the-green-cross-2","2016-05-22","The Green Cross - Washington Dispensary","DELIVERY ONLY, Portland, Wa 98662","Portland","98662"
101,"http://weedmaps.com/deliveries/the-healthy-choice","2015-11-22","The Healthy Choice","None, North Tacoma, Wa 98409","North Tacoma","98409"
101,"http://weedmaps.com/deliveries/the-healthy-choice-2","2015-11-22","The Healthy Choice","None, South Tacoma, Wa 98409","South Tacoma","98409"
101,"http://weedmaps.com/deliveries/the-p-patch","2015-11-21","The P Patch - Olympic Peninsula ","DELIVERIES ONLY, Sequim, WA 98382","Sequim","98382"
101,"http://weedmaps.com/deliveries/tjs-organic-gardens","2015-11-22","TJs Organic Gardens ","n/a, Vancouver, Wa 98663","Vancouver","98663"
127,"http://weedmaps.com/deliveries/tjs-organic-gardens","2016-05-23","TJs Organic Gardens ","DELIVERY ONLY, Vancouver, Wa 98663","Vancouver","98663"
101,"http://weedmaps.com/deliveries/tok-mmj","2015-11-22","Tk (Toke)","Delivery Only, VANCOUVER, WA 98661","VANCOUVER","98661"
101,"http://weedmaps.com/deliveries/toke-s-mmj-delivery-2","2015-11-22","Tk (Toke) West","DELIVERIES ONLY, Vancouver, WA 98660","Vancouver","98660"
101,"http://weedmaps.com/deliveries/washington-420-services-2-3","2015-11-22","WA 420 Medical","None, PULLMAN, WA 99163","PULLMAN","99163"
101,"http://weedmaps.com/deliveries/washington-420-services-2-4","2015-11-21","WA 420 Medical","None, Pullman, WA 99163","Pullman","99163"
127,"http://weedmaps.com/deliveries/washington-420-services-2-4","2016-05-22","420tome.com","DELIVERY ONLY, Pullman, WA 99163","Pullman","99163"
101,"http://weedmaps.com/deliveries/washington-420-services-2-5","2015-11-22","WA 420 Medical","None, Pullman, WA 99163","Pullman","99163"
101,"http://weedmaps.com/deliveries/washington-420-services-2-7","2015-11-22","WA 420 Medical","None, Pullman, WA 99163","Pullman","99163"
127,"http://weedmaps.com/deliveries/washington-420-services-spokane","2016-05-23","420tome.com","DELIVERY ONLY, Spokane, WA 99201","Spokane","99201"
127,"http://weedmaps.com/deliveries/washington-herbal-remedies-delivery","2016-05-23","Washington Herbal Remedies Delivery","DELIVERY ONLY, Lynnwood, WA 98087","Lynnwood","98087"
101,"http://weedmaps.com/dispensaries/12th-st-collective","2015-11-22","12th St. Collective","2107 S 12th St, Tacoma, WA 98405","Tacoma","98405"
127,"http://weedmaps.com/dispensaries/12th-st-collective","2016-05-22","12th St. Collective","2107 S 12th St, Tacoma, WA 98405","Tacoma","98405"
101,"http://weedmaps.com/dispensaries/3-green-thumbs","2015-11-22","3 Green Thumbs - Spokane","1875 1st st., Cheney, Washington 99004","Cheney","99004"
127,"http://weedmaps.com/dispensaries/3-green-thumbs","2016-05-22","3 Green Thumbs - Spokane","1875 First ST., Cheney, Washington 99004","Cheney","99004"
101,"http://weedmaps.com/dispensaries/365-recreational-cannabis","2015-11-21","365 Recreational Cannabis - Seattle","17517 15th Ave NE #202, Shoreline, WA 98155","Shoreline","98155"
127,"http://weedmaps.com/dispensaries/365-recreational-cannabis","2016-05-22","365 Recreational Cannabis - Seattle","17517 15th Ave NE #202, Shoreline, WA 98155","Shoreline","98155"
101,"http://weedmaps.com/dispensaries/72nd-st-collective","2015-11-22","72nd St. Collective","1637 East 72nd Street, Tacoma, WA 98404","Tacoma","98404"
127,"http://weedmaps.com/dispensaries/72nd-st-collective","2016-05-22","72nd St. Collective","1637 East 72nd Street, Tacoma, WA 98404","Tacoma","98404"
101,"http://weedmaps.com/dispensaries/8th-street-medical-co-op","2015-11-22","8th Street Medical Co-op","524 E. 8th Street, Port Angeles, Washington 98362","Port Angeles","98362"
101,"http://weedmaps.com/dispensaries/8th-wonder-grand-opening","2015-11-21","8th Wonder - South Tacoma","11220 Pacific Ave South, Tacoma, WA 98444","Tacoma","98444"
101,"http://weedmaps.com/dispensaries/a-greener-today-lynnwood","2015-11-22","A Greener Today Lynnwood","15015 HWY 99 Suite A, Lynnwood, Wa 98087","Lynnwood","98087"
127,"http://weedmaps.com/dispensaries/a-greener-today-lynnwood","2016-05-22","A Greener Today Lynnwood","15015 HWY 99 Suite A, Lynnwood, Wa 98087","Lynnwood","98087"
101,"http://weedmaps.com/dispensaries/a-greener-today-north","2015-11-22","A Greener Today North (Shoreline)","16053 Aurora Ave N Suite B, Seattle, WA 98133","Seattle","98133"
127,"http://weedmaps.com/dispensaries/a-greener-today-north","2016-05-22","A Greener Today North (Shoreline)","16053 Aurora Ave N Suite B, Seattle, WA 98133","Seattle","98133"
101,"http://weedmaps.com/dispensaries/a-greener-today-seattle","2015-11-22","A Greener Today","9509 Rainier Ave S, Seattle, WA 98118","Seattle","98118"
127,"http://weedmaps.com/dispensaries/a-greener-today-seattle","2016-05-23","A Greener Today","9509 Rainier Ave S, Seattle, WA 98118","Seattle","98118"
127,"http://weedmaps.com/dispensaries/a-greener-today-seattle-recreational-21","2016-05-22","A Greener Today - Seattle - Recreational 21+","10522 Lake City Way NE C103, Seattle, WA 98125","Seattle","98125"
101,"http://weedmaps.com/dispensaries/aces-medical-wellness","2015-11-22","Aces Medical Wellness","7226 Martin Way E., Olympia, Washington 98516","Olympia","98516"
127,"http://weedmaps.com/dispensaries/aces-medical-wellness","2016-05-22","Aces Medical Wellness","7226 Martin Way E., Olympia, Washington 98516","Olympia","98516"
101,"http://weedmaps.com/dispensaries/all-natural-wellness-collective-anwc","2015-11-22","All Natural Wellness Collective  (ANWC)","816 72nd ST E, Tacoma, WA 98404","Tacoma","98404"
127,"http://weedmaps.com/dispensaries/all-natural-wellness-collective-anwc","2016-05-22","All Natural Wellness Collective  (ANWC)","816 72nd ST E, Tacoma, WA 98404","Tacoma","98404"
101,"http://weedmaps.com/dispensaries/altercare","2015-11-22","Altercare","828 Rainier Ave S, Seattle, wa 98144","Seattle","98144"
127,"http://weedmaps.com/dispensaries/altercare","2016-05-22","Altercare","828 Rainier Ave S, Seattle, wa 98144","Seattle","98144"
101,"http://weedmaps.com/dispensaries/alternative-care-north-west","2015-11-21","Alternative Care North West ","21837 Old HW 99 SW, Centralia, WA 98531","Centralia","98531"
127,"http://weedmaps.com/dispensaries/alternative-care-north-west","2016-05-22","Alternative Care North West ","21837 Old HW 99 SW, Centralia, WA 98531","Centralia","98531"
101,"http://weedmaps.com/dispensaries/alternative-mmd-co-op","2015-11-22","Alternative MMD Co-Op","1506 N PINES SPOKANE VALLEY, Spokane Valley, WA 99206","Spokane Valley","99206"
127,"http://weedmaps.com/dispensaries/alternative-mmd-co-op","2016-05-22","Alternative MMD Co-Op","1506 N PINES SPOKANE VALLEY, Spokane Valley, WA 99206","Spokane Valley","99206"
101,"http://weedmaps.com/dispensaries/belltown-community-gardens-seattle","2015-11-22","PDA Lounge Belltown","2224 2nd Ave., Seattle, WA 98121","Seattle","98121"
101,"http://weedmaps.com/dispensaries/best-buds-collective-garden","2015-11-21","Best Buds Collective Garden - Meridian","2518 Meridian Street, Bellingham, Washington 98225","Bellingham","98225"
101,"http://weedmaps.com/dispensaries/best-buds-fairhaven","2015-11-22","Best Buds Fairhaven","1315 11th St, Bellingham, WA 98225","Bellingham","98225"
101,"http://weedmaps.com/dispensaries/big-buddas-collecvtive-meds","2015-11-22","Big Buddas Collective Meds","4231 Olympic Dr,, Bremerton, WA 98312","Bremerton","98312"
101,"http://weedmaps.com/dispensaries/canna-cross-medical-collective","2015-11-22","Canna Cross Medical Collective","5127 S.E. Mile Hill Dr, Port Orchard, WA 98366","Port Orchard","98366"
101,"http://weedmaps.com/dispensaries/cannabis-outreach-services-2","2015-11-22","Cannabis Outreach Services","5709 Lacey Blvd Se Ste 204, Lacey, WA 98503","Lacey","98503"
101,"http://weedmaps.com/dispensaries/cannabisclubcollective","2015-11-21","Triple C Cannabis Club","2706 6th Ave, North Tacoma, WA 98406","North Tacoma","98406"
127,"http://weedmaps.com/dispensaries/cannabisclubcollective","2016-05-22","Triple C Cannabis Club","2706 6th Ave, North Tacoma, WA 98406","North Tacoma","98406"
101,"http://weedmaps.com/dispensaries/cannablyss","2015-11-21","Cannablyss","2705 Hartford Dr NE, Lake Stevens, Wa 98258","Lake Stevens","98258"
127,"http://weedmaps.com/dispensaries/cannablyss","2016-05-22","Cannablyss","2705 Hartford Dr NE, Lake Stevens, Wa 98258","Lake Stevens","98258"
101,"http://weedmaps.com/dispensaries/cannatopia-too","2015-11-21","Cannatopia too","2747 Pacific Ave SE, Olympia, Wa 98501","Olympia","98501"
101,"http://weedmaps.com/dispensaries/cbd-outreach","2015-11-22","CBD Outreach","933 E. Johns Prairie Rd, Shelton, WA 98584","Shelton","98584"
101,"http://weedmaps.com/dispensaries/centerstreetcollective","2015-11-22","Center Street Collective","4915 Center Street Suite D, Tacoma, WA 98409","Tacoma","98409"
101,"http://weedmaps.com/dispensaries/club-420","2015-11-22","The 420 Club","1912 Center Street, Tacoma, Washington 98409","Tacoma","98409"
127,"http://weedmaps.com/dispensaries/club-420","2016-05-22","The 420 Club","1912 Center Street, Tacoma, Washington 98409","Tacoma","98409"
101,"http://weedmaps.com/dispensaries/covington-holistic-medicine","2015-11-21","COVINGTON  HOLISTIC MEDICINE","16204 SE 272nd STREET, Covington, WA 98042","Covington","98042"
127,"http://weedmaps.com/dispensaries/covington-holistic-medicine","2016-05-22","COVINGTON  HOLISTIC MEDICINE","16204 SE 272nd STREET, Covington, WA 98042","Covington","98042"
101,"http://weedmaps.com/dispensaries/cured","2015-11-22","Cured Cooperative","7826 N Market St. Suite E, Spokane, Washington 99217","Spokane","99217"
127,"http://weedmaps.com/dispensaries/cured","2016-05-22","Cured Cooperative","7826 N Market St. Suite E, Spokane, Washington 99217","Spokane","99217"
101,"http://weedmaps.com/dispensaries/dockside-cannabis","2015-11-21","Dockside Cannabis - Recreational","15029 Aurora Ave N., Shoreline, WA 98133","Shoreline","98133"
127,"http://weedmaps.com/dispensaries/dockside-cannabis","2016-05-22","Dockside Cannabis - Recreational","15029 Aurora Ave N., Shoreline, WA 98133","Shoreline","98133"
101,"http://weedmaps.com/dispensaries/dockside-coop","2015-11-22","Dockside Co-op","223 N. 36th St, Seattle, WA 98103","Seattle","98103"
127,"http://weedmaps.com/dispensaries/dockside-coop","2016-05-22","Dockside Co-op","223 N. 36th St, Seattle, WA 98103","Seattle","98103"
101,"http://weedmaps.com/dispensaries/earth-alternative-medicine-2","2015-11-22","Puget Sound Health Alternative South","1123 Sleater-Kinney Rd SE, Lacey, WA 98503","Lacey","98503"
127,"http://weedmaps.com/dispensaries/earth-alternative-medicine-2","2016-05-22","Puget Sound Health Alternative South","1123 Sleater-Kinney Rd SE, Lacey, WA 98503","Lacey","98503"
101,"http://weedmaps.com/dispensaries/eastern-washington-cannabis-market","2015-11-22","Eastern Washington Cannabis Market","953 East 3rd Ave, Spokane, WA 99202","Spokane","99202"
127,"http://weedmaps.com/dispensaries/eastern-washington-cannabis-market","2016-05-22","Eastern Washington Cannabis Market","953 East 3rd Ave, Spokane, WA 99202","Spokane","99202"
101,"http://weedmaps.com/dispensaries/emerald-city-collective-gardens-seattle","2015-11-21","Emerald City Collective Gardens","3161 Elliott Ave Suite 102, Downtown Seattle, WA 98121","Downtown Seattle","98121"
127,"http://weedmaps.com/dispensaries/emerald-city-collective-gardens-seattle","2016-05-22","Emerald City Collective Gardens","3161 Elliott Ave Suite 102, Downtown Seattle, WA 98121","Downtown Seattle","98121"
101,"http://weedmaps.com/dispensaries/ever-green-alternative-medicine","2015-11-21","Evergreen Alternative Medicine","2716 Pacific Ave, Olympia, Washington 98501","Olympia","98501"
101,"http://weedmaps.com/dispensaries/evergreen-health-center-2","2015-11-22","Evergreen Health Center","1405 NE McWilliams RD Suite 103, Bremerton, WA 98311","Bremerton","98311"
127,"http://weedmaps.com/dispensaries/evergreen-health-center-2","2016-05-23","Evergreen Health Center","1405 NE McWilliams RD Suite 103, Bremerton, WA 98311","Bremerton","98311"
101,"http://weedmaps.com/dispensaries/evergreen-premier-medical","2015-11-21","Evergreen Premier Medical","2225 E. Sprague Suite 1, Spokane, WA 99202","Spokane","99202"
127,"http://weedmaps.com/dispensaries/evergreen-premier-medical","2016-05-22","Evergreen Premier Medical","2225 E. Sprague Suite 1, Spokane, WA 99202","Spokane","99202"
101,"http://weedmaps.com/dispensaries/every-essentials","2015-11-22","Everyday Essentials ","7824 River Road E. suite E, Puyallup, Washington 98371","Puyallup","98371"
101,"http://weedmaps.com/dispensaries/fremont-gardens-30-g-bho-of-william-s-wonder-sunday-10-off-all-concentrates","2015-11-21","Fremont Gardens","316 NORTH 36TH ST, SEATTLE, WA 98103","SEATTLE","98103"
127,"http://weedmaps.com/dispensaries/fweedom-cannabis","2016-05-23","Fweedom Cannabis - Seattle - Recreational 21+  ","12001 Aurora Ave N, Seattle, WA 98133","Seattle","98133"
127,"http://weedmaps.com/dispensaries/fweedom-cannabis-mountlake-terrace-recreational-21","2016-05-22","Fweedom Cannabis - Recreational 21+ - Mountlake Terrace","21911 64th Ave W Suite D, Mountlake Terrace, WA 98043","Mountlake Terrace","98043"
101,"http://weedmaps.com/dispensaries/fweedom-collective-seattle","2015-11-22","Fweedom Collective","12001 Aurora Ave N, Seattle, WA 98133","Seattle","98133"
101,"http://weedmaps.com/dispensaries/geyser-medical-club","2015-11-21","NW Cannabis Connection","9506 Canyon Rd., Puyallup, Wa 98371","Puyallup","98371"
101,"http://weedmaps.com/dispensaries/goodbudstore","2015-11-22","GoodBudS","5384 Rd. K NW, Quincy, WA 98848","Quincy","98848"
127,"http://weedmaps.com/dispensaries/goodbudstore","2016-05-22","GoodBudS","5384 Rd. K NW, Quincy, WA 98848","Quincy","98848"
101,"http://weedmaps.com/dispensaries/grass-roots-collective-2","2015-11-22","Grass Roots Collective","2200 Pacific Street, Bellingham, WA 98229","Bellingham","98229"
127,"http://weedmaps.com/dispensaries/grass-roots-collective-2","2016-05-22","Grass Roots Collective","2200 Pacific Street, Bellingham, WA 98229","Bellingham","98229"
101,"http://weedmaps.com/dispensaries/green-kross","2015-11-22","Green Kross","3014 6th Ave., Tacoma, WA 98406","Tacoma","98406"
127,"http://weedmaps.com/dispensaries/green-life-nw-recreational-21","2016-05-22","Green Life NW - Recreational 21+","11463 Rainier Ave South, Seattle, WA 98178","Seattle","98178"
101,"http://weedmaps.com/dispensaries/green-mountain-releaf","2015-11-22","Green Mountain ReLeaf - Woodland - Longview","6504 Green Mountain Road, Woodland, WA 98674","Woodland","98674"
101,"http://weedmaps.com/dispensaries/green-orchard","2015-11-21","Green Orchard","333A E. First St., Port Angeles, WA 98362","Port Angeles","98362"
101,"http://weedmaps.com/dispensaries/green-path-of-washington-dispensary","2015-11-22","Graham Collective","Meridian Ave. South & 224th St. East, GRAHAM, WA 98338","GRAHAM","98338"
127,"http://weedmaps.com/dispensaries/green-path-of-washington-dispensary","2016-05-22","Graham Collective","Meridian Ave. South & 224th St. East, GRAHAM, WA 98338","GRAHAM","98338"
101,"http://weedmaps.com/dispensaries/green-solution-2-2","2015-11-22","Green Solution","15941 Meridian East, Puyallup, WA 98375","Puyallup","98375"
127,"http://weedmaps.com/dispensaries/green-solution-2-2","2016-05-22","Green Solution","15941 Meridian East, Puyallup, WA 98375","Puyallup","98375"
101,"http://weedmaps.com/dispensaries/greenlink-collective","2015-11-21","GreenLink Collective","160 NW Gilman Blvd, Suite I, Issaquah, WA 98027","Issaquah","98027"
101,"http://weedmaps.com/dispensaries/greenworks-cooperative","2015-11-21","Greenworks Cooperative ","11064 Lake City Way NE #6, North Seattle, WA 98125","North Seattle","98125"
101,"http://weedmaps.com/dispensaries/have-a-heart-cafe","2015-11-22","Have A Heart Cafe CC - Cafe (University District) ","4500 9th Ave NE, Seattle, WA 98105","Seattle","98105"
101,"http://weedmaps.com/dispensaries/have-a-heart-cc","2015-11-22","Have A Heart CC - Aurora","11736 Aurora ave N, North Seattle, WA 98133","North Seattle","98133"
101,"http://weedmaps.com/dispensaries/have-a-heart-cc-monroe","2015-11-22","Have a Heart CC - Monroe ","14510 State Route 2, Snohomish, WA 98290","Snohomish","98290"
101,"http://weedmaps.com/dispensaries/have-a-heart-wenatchee","2015-11-21","Have A Heart CC - Wenatchee ","3014 Gs Center Rd., Wenatchee, WA 98801","Wenatchee","98801"
101,"http://weedmaps.com/dispensaries/healingleafcollective","2015-11-22","The Healing Leaf Collective Garden","9626 32nd St. SE, Lake Stevens, WA 98258","Lake Stevens","98258"
127,"http://weedmaps.com/dispensaries/healingleafcollective","2016-05-22","The Healing Leaf Collective Garden","9626 32nd St. SE, Lake Stevens, WA 98258","Lake Stevens","98258"
101,"http://weedmaps.com/dispensaries/healthy-element-lacey","2015-11-22","Healthy Element","430 Carpenter Road SE Suite A., lacey, wa 98503","lacey","98503"
101,"http://weedmaps.com/dispensaries/healthy-living-cooperative","2015-11-22","Healthy Living Center - Medical","2118 James Street, Bellingham, WA 98225","Bellingham","98225"
101,"http://weedmaps.com/dispensaries/herb-delight-serving-yakima-wa","2015-11-21","Herb Delight serving Yakima WA","Delivery, Yakima, WA 98903","Yakima","98903"
127,"http://weedmaps.com/dispensaries/herb-delight-serving-yakima-wa","2016-05-22","Herb Delight serving Yakima WA","Delivery, Yakima, WA 98903","Yakima","98903"
101,"http://weedmaps.com/dispensaries/herb-n-pipe","2015-11-22","Herb N Pipe","3130 N. Division St., Spokane, Washington 99207","Spokane","99207"
127,"http://weedmaps.com/dispensaries/herb-n-pipe","2016-05-23","Herb N Pipe","3130 N. Division St., Spokane, Washington 99207","Spokane","99207"
101,"http://weedmaps.com/dispensaries/herb-nerds","2015-11-22","Herb Nerds - Medical","12928 E Indiana Ave Suite 1, Spokane Valley, Washington 99216","Spokane Valley","99216"
127,"http://weedmaps.com/dispensaries/herb-nerds","2016-05-22","Herb Nerds - Medical","12928 E Indiana Ave Suite 1, Spokane Valley, Washington 99216","Spokane Valley","99216"
101,"http://weedmaps.com/dispensaries/herbal-connection-inc","2015-11-22","Herbal Connection Inc.","3812 N Monroe St, Spokane, WA 99205","Spokane","99205"
101,"http://weedmaps.com/dispensaries/herbal-healing-safe-access","2015-11-22","Herbal Healing Collective Garden","3062 SW HWY 16 Suite A, Port Orchard, WA 98367","Port Orchard","98367"
127,"http://weedmaps.com/dispensaries/herbal-healing-safe-access","2016-05-22","Herbal Healing Collective Garden","3062 SW HWY 16 Suite A, Port Orchard, WA 98367","Port Orchard","98367"
101,"http://weedmaps.com/dispensaries/highway-9-collective","2015-11-22","Woodinville Quality Collective","23128 State Route 9 SE, #2, Woodinville, WA 98072","Woodinville","98072"
127,"http://weedmaps.com/dispensaries/highway-9-collective","2016-05-22","Woodinville Quality Collective","23128 State Route 9 SE, #2, Woodinville, WA 98072","Woodinville","98072"
101,"http://weedmaps.com/dispensaries/hoc","2015-11-22","HOC","217 174th ST S, Spanaway, Washington 98387","Spanaway","98387"
127,"http://weedmaps.com/dispensaries/hoc","2016-05-23","HOC","217 174th ST S, Spanaway, Washington 98387","Spanaway","98387"
101,"http://weedmaps.com/dispensaries/house-of-buddha","2015-11-22","House of Buddha","510 1/2 112th st S, Tacoma, Washington 98444","Tacoma","98444"
127,"http://weedmaps.com/dispensaries/house-of-buddha","2016-05-22","House of Buddha","510 1/2 112th st S, Tacoma, Washington 98444","Tacoma","98444"
101,"http://weedmaps.com/dispensaries/hypeherbally-holistic-health","2015-11-22","HypeHerbally","1120 112th St SW, Everett, WA 98204","Everett","98204"
127,"http://weedmaps.com/dispensaries/hypeherbally-holistic-health","2016-05-22","HypeHerbally","14702 HWY 99, Lynnwood, WA 98087","Lynnwood","98087"
101,"http://weedmaps.com/dispensaries/jade-gardens","2015-11-22","Harbor Alternative Wellness","6708 144th St NW Suite A, Gig Harbor, WA 98332","Gig Harbor","98332"
127,"http://weedmaps.com/dispensaries/jade-gardens","2016-05-23","Harbor Alternative Wellness","6708 144th St NW Suite A, Gig Harbor, WA 98332","Gig Harbor","98332"
101,"http://weedmaps.com/dispensaries/jd-s-collective-garden","2015-11-22","JD's Collective Garden ","39817 N Newport Hwy, Elk, Wa 99009","Elk","99009"
101,"http://weedmaps.com/dispensaries/karma-wellness-cooperative-port-angeles-sequim","2015-11-22","Karma Wellness Cooperative - Serving Port Angeles 98362","3228 HWY 101 E, Port Angeles, WA 98362","Port Angeles","98362"
127,"http://weedmaps.com/dispensaries/karma-wellness-cooperative-port-angeles-sequim","2016-05-23","Karma Wellness Cooperative - Serving Port Angeles 98362","3228 HWY 101 E, Port Angeles, WA 98362","Port Angeles","98362"
101,"http://weedmaps.com/dispensaries/left-coast-cannabis","2015-11-21","LEFT COAST  CANNABIS ","7604 South Tacoma Way Ste B, Tacoma, WA 98409","Tacoma","98409"
101,"http://weedmaps.com/dispensaries/lifes-rx","2015-11-22","Lifes Rx - Renton Highlands ","3904 NE 4th St. #103, Renton, WA 98056","Renton","98056"
127,"http://weedmaps.com/dispensaries/lifes-rx","2016-05-23","Lifes Rx - Renton Highlands ","3904 NE 4th St. #103, Renton, WA 98056","Renton","98056"
101,"http://weedmaps.com/dispensaries/lilaccityrx","2015-11-22","Lilac City Collective Association","1716 N Ash St, Spokane, WA 99205","Spokane","99205"
101,"http://weedmaps.com/dispensaries/living-green","2015-11-21","Living Green - Medical Only","909 E Francis, Spokane, WA 99208","Spokane","99208"
101,"http://weedmaps.com/dispensaries/marandas-2","2015-11-22","Marandas","4503 Ocean Beach Hwy, Longview, WA 98632","Longview","98632"
127,"http://weedmaps.com/dispensaries/marandas-2","2016-05-23","Marandas","4503 Ocean Beach Hwy, Longview, WA 98632","Longview","98632"
101,"http://weedmaps.com/dispensaries/marandas-kelso-wa","2015-11-22","Marandas Kelso","810-A Westside highway, Kelso, WA 98626","Kelso","98626"
127,"http://weedmaps.com/dispensaries/marandas-kelso-wa","2016-05-23","Marandas Kelso","810-A Westside highway, Kelso, WA 98626","Kelso","98626"
101,"http://weedmaps.com/dispensaries/medicine-men","2015-11-21","Medicine Men","15804 Hwy 99 Suite A, Lynnwood, WA 98087","Lynnwood","98087"
101,"http://weedmaps.com/dispensaries/medigreen-access-point","2015-11-22","MediGreen Access Point","11012 Canyon Rd. E. Suite 43, Puyallup, WA 98373","Puyallup","98373"
101,"http://weedmaps.com/dispensaries/mountain-medicine-clinic","2015-11-22","Mountain Medicine Clinic","10217 128th St E, Suite E, Puyallup, WA 98374","Puyallup","98374"
127,"http://weedmaps.com/dispensaries/mountain-medicine-clinic","2016-05-22","Mountain Medicine Clinic","10217 128th St E, Suite E, Puyallup, WA 98374","Puyallup","98374"
101,"http://weedmaps.com/dispensaries/mr-doobees-natural-high-store","2015-11-21","Mr. Doobees Natural High Store","2870 Ocean Drive (Mile Post 56), Raymond, Washington 98577","Raymond","98577"
101,"http://weedmaps.com/dispensaries/mud-bay-meds","2015-11-21","Mud Bay Meds","5021 MUD BAY RD NW, OLYMPIA, WA 98502","OLYMPIA","98502"
127,"http://weedmaps.com/dispensaries/mud-bay-meds","2016-05-22","Mud Bay Meds","5021 MUD BAY RD NW, OLYMPIA, WA 98502","OLYMPIA","98502"
101,"http://weedmaps.com/dispensaries/natural-7","2015-11-22","Natural 7 ","6020 Pacific Ave SE Ste M, Lacey, WA 98503","Lacey","98503"
127,"http://weedmaps.com/dispensaries/natural-7","2016-05-22","Natural 7 ","6020 Pacific Ave SE Ste M, Lacey, WA 98503","Lacey","98503"
101,"http://weedmaps.com/dispensaries/natural-green-medicine","2015-11-22","Natural Green Medicine","4701 Roosevelt Way NE Suite B, seattle, wa 98105","seattle","98105"
127,"http://weedmaps.com/dispensaries/natures-cure-club","2016-05-22","Natures Cure Club","14806 Pacific Avenue South Suite C, Tacoma, WA 98444","Tacoma","98444"
101,"http://weedmaps.com/dispensaries/natures-resource-center","2015-11-22","Natures Resource Center OPEN 24/7 - Tacoma","3833 Pacific Ave Suite C, Tacoma, WA 98418","Tacoma","98418"
101,"http://weedmaps.com/dispensaries/new-millennium","2015-11-22","New Millennium ","136 Stewart Road, Pacific, WA 98047","Pacific","98047"
127,"http://weedmaps.com/dispensaries/new-millennium","2016-05-22","New Millennium ","136 Stewart Road, Pacific, WA 98047","Pacific","98047"
101,"http://weedmaps.com/dispensaries/new-millennium-north-seattle","2015-11-21","New Millennium North","14040 Aurora Ave. North, Seattle, WA 98133","Seattle","98133"
127,"http://weedmaps.com/dispensaries/new-millennium-north-seattle","2016-05-22","New Millennium North","14040 Aurora Ave. North, Seattle, WA 98133","Seattle","98133"
101,"http://weedmaps.com/dispensaries/new-millennium-seattle","2015-11-21","New Millennium","3867 Rainier Ave South, Seattle, WA 98118","Seattle","98118"
127,"http://weedmaps.com/dispensaries/new-millennium-seattle","2016-05-22","New Millennium","3867 Rainier Ave South, Seattle, WA 98118","Seattle","98118"
127,"http://weedmaps.com/dispensaries/nimbin-pot-shop-2","2016-05-22","NiMBiN Pot Shop - Recreational 21+","10861 1st Ave S, Seattle, WA 98168","Seattle","98168"
101,"http://weedmaps.com/dispensaries/north-end-organics-2","2015-11-21","North End Organics","5917 N. 26 St Suite A, Tacoma, Washington 98407","Tacoma","98407"
127,"http://weedmaps.com/dispensaries/north-end-organics-2","2016-05-22","North End Organics","5917 N. 26 St Suite A, Tacoma, Washington 98407","Tacoma","98407"
101,"http://weedmaps.com/dispensaries/northside-alternative-wellness-center","2015-11-21","Northside Alternative Wellness Center","4811 N. Market, Spokane, WA 99217","Spokane","99217"
101,"http://weedmaps.com/dispensaries/northwest-alchemy-seattle","2015-11-22","Northwest Alchemy","4707 Aurora Ave N, Seattle, WA 98103","Seattle","98103"
101,"http://weedmaps.com/dispensaries/northwest-alternative-care","2015-11-22","NorthWest Alternative Care (NWAC)","2210 Black Lake Blvd. SW Suite # G-1`, Olympia, Wa 98512","Olympia","98512"
127,"http://weedmaps.com/dispensaries/northwest-alternative-care","2016-05-23","NorthWest Alternative Care (NWAC)","2210 Black Lake Blvd. SW Suite # G-1`, Olympia, Wa 98512","Olympia","98512"
101,"http://weedmaps.com/dispensaries/northwest-alternative-collective-care","2015-11-22","Northwest Alternative Collective Care","1800 Cooper Point Rd. SW Bldg. #2, Olympia, WA 98502","Olympia","98502"
101,"http://weedmaps.com/dispensaries/northwest-collective","2015-11-22","Northwest Collective - NWC","9300 Kimmie Rd SW, Olympia, Wa 98512","Olympia","98512"
101,"http://weedmaps.com/dispensaries/nw-express","2015-11-21","NW EXPRESS","234 Division St., Olympia, Washington 98502","Olympia","98502"
101,"http://weedmaps.com/dispensaries/nw-natural-wellness","2015-11-22","NW Natural Wellness","20639 B Old HWY 99 SW, Centralia, Wa 98531","Centralia","98531"
101,"http://weedmaps.com/dispensaries/ocean-grown-collective-renton-highlands","2015-11-22","Ocean Grown Collective ","3700 NE 4th St. Unit #201, Renton, WA 98056","Renton","98056"
127,"http://weedmaps.com/dispensaries/ocean-grown-collective-renton-highlands","2016-05-23","Ocean Grown Collective ","3700 NE 4th St. Unit #201, Renton, WA 98056","Renton","98056"
101,"http://weedmaps.com/dispensaries/olympic-medical-group","2015-11-22","Olympic Medical Group","1965 4th Ave E, Olympia, Washington 98506","Olympia","98506"
127,"http://weedmaps.com/dispensaries/olympic-medical-group","2016-05-22","Olympic Medical Group","1965 4th Ave E, Olympia, Washington 98506","Olympia","98506"
101,"http://weedmaps.com/dispensaries/olympic-sinsemilla","2015-11-22","Olympic Sinsemilla","256781 Hwy 101, Port Angeles, WA 98362","Port Angeles","98362"
127,"http://weedmaps.com/dispensaries/olympic-sinsemilla","2016-05-23","Olympic Sinsemilla","256781 Hwy 101, Port Angeles, WA 98362","Port Angeles","98362"
101,"http://weedmaps.com/dispensaries/one-love-collective-2-2","2015-11-22","One Love Collective","5303 Rainier Ave S unit A, Seattle, WA 98118","Seattle","98118"
127,"http://weedmaps.com/dispensaries/one-love-collective-2-2","2016-05-22","One Love Collective","5303 Rainier Ave S unit A, Seattle, WA 98118","Seattle","98118"
101,"http://weedmaps.com/dispensaries/pacific-green-1","2015-11-21","Pacific Green &amp; Delivery","136 Stewart Rd SE # 1G, Pacific, WA 98047","Pacific","98047"
127,"http://weedmaps.com/dispensaries/pacific-green-1","2016-05-22","Pacific Green & Delivery","136 Stewart Rd SE # 1G, Pacific, WA 98047","Pacific","98047"
101,"http://weedmaps.com/dispensaries/pacific-green-delivery-spanaway-washington","2015-11-21","Pacific Green &amp; Delivery - Spanaway","19815 Mountain HWY E, Spanaway, Washington 98387","Spanaway","98387"
127,"http://weedmaps.com/dispensaries/pacific-green-delivery-spanaway-washington","2016-05-22","Pacific Green & Delivery - Spanaway","19815 Mountain HWY E, Spanaway, Washington 98387","Spanaway","98387"
101,"http://weedmaps.com/dispensaries/pacific-green-puyallup","2015-11-22"," Pacific Green &amp; Delivery - Puyallup ","6223 112th St E, Puyallup, WA 98373","Puyallup","98373"
127,"http://weedmaps.com/dispensaries/pacific-green-puyallup","2016-05-22"," Pacific Green & Delivery - Puyallup ","6223 112th St E, Puyallup, WA 98373","Puyallup","98373"
101,"http://weedmaps.com/dispensaries/pacific-kush","2015-11-22","Pacific Kush","4002 Pacific Ave, Tacoma, WA 98418","Tacoma","98418"
127,"http://weedmaps.com/dispensaries/pacific-kush","2016-05-23","Pacific Kush","4002 Pacific Ave, Tacoma, WA 98418","Tacoma","98418"
101,"http://weedmaps.com/dispensaries/paper-and-leaf","2015-11-22","Paper and Leaf","8040 Day Road West Building 3 Unit 1, Bainbridge Island, WA 98110","Bainbridge Island","98110"
127,"http://weedmaps.com/dispensaries/paper-and-leaf","2016-05-22","Paper and Leaf","8040 Day Road West Building 3 Unit 1, Bainbridge Island, WA 98110","Bainbridge Island","98110"
101,"http://weedmaps.com/dispensaries/people-s-collective","2015-11-22","PEOPLE'S COLLECTIVE","2570 Ocean Ave, Raymond, WA 98577","Raymond","98577"
101,"http://weedmaps.com/dispensaries/ph-scientific-concentrates","2015-11-22","Happy Daze Grass ","18325 E. Appleway Ave., Spokane Valley, Washington 99016","Spokane Valley","99016"
101,"http://weedmaps.com/dispensaries/product-development-collective-2","2015-11-22","product development collective","1628 A State Route 105, Grayland, Washington 98547","Grayland","98547"
127,"http://weedmaps.com/dispensaries/product-development-collective-2","2016-05-22","Product Development Collective","1628 A State Route 105, Grayland, Washington 98547","Grayland","98547"
101,"http://weedmaps.com/dispensaries/qualified-patients-care","2015-11-22","QPC - Quality Patient Care","13224 Hwy 99, Everett, WA 98204","Everett","98204"
101,"http://weedmaps.com/dispensaries/rainier-alternative-medicine-clones","2015-11-22","Rainier Alternative Medicine","5303 Rainier Ave S., Seattle, WA 98118","Seattle","98118"
127,"http://weedmaps.com/dispensaries/rainier-alternative-medicine-clones","2016-05-22","Rainier Alternative Medicine","5303 Rainier Ave S., Seattle, WA 98118","Seattle","98118"
101,"http://weedmaps.com/dispensaries/rainier-xpress","2015-11-21","Rainier Xpress ","322 4th Ave E, Olympia, Wa 98501","Olympia","98501"
127,"http://weedmaps.com/dispensaries/rainier-xpress","2016-05-22","Rainier Xpress ","322 4th Ave E, Olympia, Wa 98501","Olympia","98501"
101,"http://weedmaps.com/dispensaries/seashore-collective","2015-11-21","SEASHORE COLLECTIVE","17517 15th Ave NE Suite 201, Shoreline, WA 98155","Shoreline","98155"
127,"http://weedmaps.com/dispensaries/seashore-collective","2016-05-22","SEASHORE COLLECTIVE","17517 15th Ave NE Suite 201, Shoreline, WA 98155","Shoreline","98155"
101,"http://weedmaps.com/dispensaries/seattle-cannabis-company","2015-11-22","Seattle Cannabis Company","3230 1st Ave South, Seattle, WA 98134","Seattle","98134"
127,"http://weedmaps.com/dispensaries/seattle-cannabis-company","2016-05-22","Seattle Cannabis Company","3230 1st Ave South, Seattle, WA 98134","Seattle","98134"
101,"http://weedmaps.com/dispensaries/seattle-medical-marijuana-association","2015-11-22","Seattle Medical Marijuana Association, SMMA","4465 Fremont Ave N., Seattle, WA 98103","Seattle","98103"
101,"http://weedmaps.com/dispensaries/seattle-quality-collective","2015-11-22","Seattle Quality Collective","13760 Aurora Avenue North, Seattle, Washington 98133","Seattle","98133"
127,"http://weedmaps.com/dispensaries/seattle-quality-collective","2016-05-22","Seattle Quality Collective","13760 Aurora Avenue North, Seattle, Washington 98133","Seattle","98133"
101,"http://weedmaps.com/dispensaries/skagit-valley-collective-3","2015-11-21","Skagit Valley Collective","20291 HWY 20, Burlington, WA 98284","Burlington","98284"
101,"http://weedmaps.com/dispensaries/smoke-time","2015-11-21","Smoke Time ","18820 Aurora Ave N. #206, Shoreline, WA 98133","Shoreline","98133"
127,"http://weedmaps.com/dispensaries/smoke-time","2016-05-22","Smoke Time ","18820 Aurora Ave N. #206, Shoreline, WA 98133","Shoreline","98133"
101,"http://weedmaps.com/dispensaries/sound-remedies-next-to-longston-place-cinemas","2015-11-22","Sound Remedies","13507 Meridian Ave Ste M, Next To Longston Place Regal Cinemas, Puyallup, WA 98373","Puyallup","98373"
127,"http://weedmaps.com/dispensaries/sound-remedies-next-to-longston-place-cinemas","2016-05-23","Sound Remedies","13507 Meridian Ave Ste M, Next To Longston Place Regal Cinemas, Puyallup, WA 98373","Puyallup","98373"
101,"http://weedmaps.com/dispensaries/south-king-holistic","2015-11-22","South King Holistic","2824 S. 252nd St., Kent, Wa 98032","Kent","98032"
101,"http://weedmaps.com/dispensaries/sparket-420-alternative-health","2015-11-21","Sparket 420 Alternative Health","1403 E. First St, Port Angeles, WA 98362","Port Angeles","98362"
127,"http://weedmaps.com/dispensaries/sparket-420-alternative-health","2016-05-22","Sparket 420 Alternative Health","1403 E. First St, Port Angeles, WA 98362","Port Angeles","98362"
101,"http://weedmaps.com/dispensaries/spocannabis-spokane","2015-11-21","Spocannabis ","120 E. Mission Ave, Spokane, Washington 99202","Spokane","99202"
101,"http://weedmaps.com/dispensaries/starbuds-seattle-dispensary","2015-11-22","Starbuds","2315 E. John St., Seattle, WA 98112","Seattle","98112"
101,"http://weedmaps.com/dispensaries/sweet-greens-north-west","2015-11-22","Sweet Greens Co-Op","20985 Old Hwy 99 SW, Centralia, WA 98531","Centralia","98531"
127,"http://weedmaps.com/dispensaries/sweet-greens-north-west","2016-05-22","Sweet Greens Co-Op","20985 Old Hwy 99 SW, Centralia, WA 98531","Centralia","98531"
101,"http://weedmaps.com/dispensaries/swinging-bridges","2015-11-22","Swinging Bridges","1781 Old Highway 99 North,, Burlington, WA 98233","Burlington","98233"
101,"http://weedmaps.com/dispensaries/tacoma-greenthumb-port-orchard","2015-11-22","Greenthumb Port Orchard","4978 Mile Hill Drive, Port Orchard, WA 98366","Port Orchard","98366"
101,"http://weedmaps.com/dispensaries/tacoma-greenthumb-silverdale","2015-11-22","Greenthumb Silverdale","2839 NW Kitsap Place #A, Silverdale, Wa 98383","Silverdale","98383"
101,"http://weedmaps.com/dispensaries/tacoma-healing-collective","2015-11-22","Tacoma Healing Collective","10625 Suite B Pacific Ave s., Tacoma, WA 98444","Tacoma","98444"
101,"http://weedmaps.com/dispensaries/tacoma-holistic-collective","2015-11-21","Tacoma Holistic Collective - Tacoma","3908 6th AVE STE B, Tacoma, Washington 98406","Tacoma","98406"
127,"http://weedmaps.com/dispensaries/tacoma-holistic-collective","2016-05-22","Tacoma Holistic Collective - Tacoma","3908 6th AVE STE B, Tacoma, Washington 98406","Tacoma","98406"
101,"http://weedmaps.com/dispensaries/tcc-2","2015-11-22","TCC ","6532 PACIFIC AVE, Tacoma, WA 98408","Tacoma","98408"
101,"http://weedmaps.com/dispensaries/tcc-2-2","2015-11-22","TCC 2","115 176TH ST, Spanaway, WA 98387","Spanaway","98387"
101,"http://weedmaps.com/dispensaries/the-cpc","2015-11-22","The CPC","74 S. Lucile St., South Seattle, WA 98134","South Seattle","98134"
127,"http://weedmaps.com/dispensaries/the-cpc","2016-05-22","The CPC","74 S. Lucile St., South Seattle, WA 98134","South Seattle","98134"
101,"http://weedmaps.com/dispensaries/the-happy-collective","2015-11-22","The Happy Collective","28114 N Newport Hwy Unit A, Chattaroy, Washington 99003","Chattaroy","99003"
127,"http://weedmaps.com/dispensaries/the-happy-collective","2016-05-23","The Happy Collective","28114 N Newport Hwy Unit A, Chattaroy, Washington 99003","Chattaroy","99003"
101,"http://weedmaps.com/dispensaries/the-healing-center-2-2","2015-11-22","The Healing Center of Olympia","316 Capitol Way N, Olympia, WA 98501","Olympia","98501"
101,"http://weedmaps.com/dispensaries/the-herbal-gardens-tacoma","2015-11-22","The Herbal Gardens","824 S 28th street, Tacoma, WA 98409","Tacoma","98409"
101,"http://weedmaps.com/dispensaries/the-herbal-generation-ll-3","2015-11-21","Magic Medicine ","15011 Meridian Ave E. suite C, Puyallup, Washington 98375","Puyallup","98375"
127,"http://weedmaps.com/dispensaries/the-herbal-generation-ll-3","2016-05-22","Magic Medicine ","15011 Meridian Ave E. suite C, Puyallup, Washington 98375","Puyallup","98375"
101,"http://weedmaps.com/dispensaries/the-joint-clearview","2015-11-22","The Joint Clearview ","16510 State Route 9 SE, Snohomish, WA 98296","Snohomish","98296"
101,"http://weedmaps.com/dispensaries/the-joint-cooperative-seattle","2015-11-22","The Joint Cooperative","5260 University Way NE, Seattle, WA 98105","Seattle","98105"
101,"http://weedmaps.com/dispensaries/the-joint-tacoma-dispensary","2015-11-22","Starbuds - SouthTacoma","4051 Tacoma Mall Blvd, Tacoma, WA 98409","Tacoma","98409"
101,"http://weedmaps.com/dispensaries/the-peaceful-choice-collective-garden","2015-11-22","THE PEACEFUL CHOICE","3401 N. Division St. Spokane, Spokane, WA 99207","Spokane","99207"
127,"http://weedmaps.com/dispensaries/the-peaceful-choice-collective-garden","2016-05-22","THE PEACEFUL CHOICE","3401 N. Division St. Spokane, Spokane, WA 99207","Spokane","99207"
101,"http://weedmaps.com/dispensaries/the-standard-in-holistic-health","2015-11-21","The Standard In Holistic Medicine","21110 Meridian E #A, Graham, Wa 98338","Graham","98338"
101,"http://weedmaps.com/dispensaries/the-summit-group","2015-11-22","Pacific Green &amp; Delivery - Tacoma","1119 South M St, Tacoma, Washington 98405","Tacoma","98405"
101,"http://weedmaps.com/dispensaries/the-tacoma-way-1","2015-11-22","The Tacoma Way ","2607 S Tacoma Way, Tacoma, Washington 98409","Tacoma","98409"
127,"http://weedmaps.com/dispensaries/the-tacoma-way-1","2016-05-22","The Tacoma Way ","2607 S Tacoma Way, Tacoma, Washington 98409","Tacoma","98409"
101,"http://weedmaps.com/dispensaries/thegreendoor","2015-11-22","The Green Door Seattle","1207 S Jackson St, Ste. 109, South Seattle, Washington 98144","South Seattle","98144"
127,"http://weedmaps.com/dispensaries/thegreendoor","2016-05-23","The Green Door Seattle","1207 S Jackson St, Ste. 109, South Seattle, Washington 98144","South Seattle","98144"
101,"http://weedmaps.com/dispensaries/tin-collective","2015-11-22","TIN Collective","4502 S Union Ave, Tacoma, Washington 98409","Tacoma","98409"
127,"http://weedmaps.com/dispensaries/tin-collective","2016-05-22","TIN Collective","4502 S Union Ave, Tacoma, Washington 98409","Tacoma","98409"
101,"http://weedmaps.com/dispensaries/tranquility-holistic-center-issaquah","2015-11-21","THC","1730 Newport way NW, Issaquah, WA 98027","Issaquah","98027"
101,"http://weedmaps.com/dispensaries/trees-collective","2015-11-22","Trees Collective ","10532 Greenwood Ave North, Seattle, Wa 98133","Seattle","98133"
101,"http://weedmaps.com/dispensaries/urban-medicinals-2-2","2015-11-22","Urban Medicinals","121 Legion Way SW, Olympia, WA 98501","Olympia","98501"
127,"http://weedmaps.com/dispensaries/urban-medicinals-2-2","2016-05-22","Urban Medicinals","117 Legion Way SW, Olympia, WA 98501","Olympia","98501"
101,"http://weedmaps.com/dispensaries/wamc","2015-11-22","Woodinville Alternative Medicine","21127 State Route 9 SE, Woodinville, WA 98072","Woodinville","98072"
127,"http://weedmaps.com/dispensaries/washington-herbal-remedies-lynwood","2016-05-22","Washington Herbal Remedies","14626 Highway 99 Ste.103, Lynnwood, WA 98087","Lynnwood","98087"
101,"http://weedmaps.com/dispensaries/westport-gardens","2015-11-22","Westport Gardens","1863 S. Montesano st, Westport, WA 98595","Westport","98595"
127,"http://weedmaps.com/dispensaries/westport-gardens","2016-05-22","Westport Gardens","1863 S. Montesano st, Westport, WA 98595","Westport","98595"
101,"http://weedmaps.com/dispensaries/westside-wellness-2","2015-11-22","Westside Wellness","1626 Westside Hwy., Kelso, WA 98626","Kelso","98626"
127,"http://weedmaps.com/dispensaries/westside-wellness-2","2016-05-23","Westside Wellness","1626 Westside Hwy., Kelso, WA 98626","Kelso","98626"
154,"https://weedmaps.com/deliveries/fullys-wildflowers","2016-11-26","Fullys Wildflowers ","DELIVERY ONLY, Vancouver, WA 98665","Vancouver","98665"
184,"https://weedmaps.com/deliveries/fullys-wildflowers","2017-05-27","Fullys Wildflowers ","DELIVERY ONLY, Vancouver, WA 98665","Vancouver","98665"
215,"https://weedmaps.com/deliveries/fullys-wildflowers","2017-11-25","Fullys Wildflowers","DELIVERY ONLY, Vancouver, WA 98665","Vancouver","98665"
227,"https://weedmaps.com/deliveries/fullys-wildflowers","2018-05-26","Fullys Wildflowers",", Vancouver, WA 98665","Vancouver","98665"
242,"https://weedmaps.com/deliveries/fullys-wildflowers","2018-12-16","Fullys Wildflowers",", Vancouver, WA 98665","Vancouver","98665"
154,"https://weedmaps.com/deliveries/green-legacy-fine-cannabis","2016-11-26","Green Legacy Fine Cannabis ","DELIVERY ONLY, Vancouver, WA 98660","Vancouver","98660"
154,"https://weedmaps.com/deliveries/northwest-gardens-vancouver","2016-11-26","Northwest Gardens - Vancouver","DELIVERY ONLY, Vancouver, WA 98662","Vancouver","98662"
184,"https://weedmaps.com/deliveries/northwest-gardens-vancouver","2017-05-27","Northwest Gardens - Vancouver","DELIVERY ONLY, Vancouver, WA 98662","Vancouver","98662"
215,"https://weedmaps.com/deliveries/northwest-gardens-vancouver","2017-11-25","Northwest Gardens - Vancouver","DELIVERY ONLY, Vancouver, WA 98662","Vancouver","98662"
255,"https://weedmaps.com/deliveries/wm-demo-delivery","2019-12-21","WM Demo Delivery","Malmalling,WA 6556","Malmalling","6556"
257,"https://weedmaps.com/deliveries/wm-demo-delivery","2020-05-04","WM Demo Delivery","null,Malmalling,WA 6556","Malmalling","6556"
227,"https://weedmaps.com/dispensaries/2020-solutions-sprague","2018-05-26","2020 Solutions Sprague","209 E 4th Street, Suite B, Sprague, WA 99032","Sprague","99032"
242,"https://weedmaps.com/dispensaries/2020-solutions-sprague","2018-12-16","2020 Solutions Sprague","209 E 4th Street, Suite B, Sprague, WA 99032","Sprague","99032"
245,"https://weedmaps.com/dispensaries/2020-solutions-sprague","2019-06-23","2020 Solutions Sprague","209 E 4th Street, Suite B,Sprague,Washington 99032","Sprague","99032"
184,"https://weedmaps.com/dispensaries/agate-dreams","2017-05-27","Agate Dreams","15915B State HWY 305 NE, Poulsbo, WA 98370","Poulsbo","98370"
184,"https://weedmaps.com/dispensaries/apex-cannabis-2","2017-05-27","Apex Cannabis","955 West Broadway Ave, Moses Lake, WA 98837","Moses Lake","98837"
215,"https://weedmaps.com/dispensaries/apex-cannabis-2","2017-11-25","Apex Cannabis","955 West Broadway Ave, Moses Lake, WA 98837","Moses Lake","98837"
227,"https://weedmaps.com/dispensaries/apex-cannabis-2","2018-05-26","Apex Cannabis","955 West Broadway Ave, Moses Lake, WA 98837","Moses Lake","98837"
242,"https://weedmaps.com/dispensaries/apex-cannabis-2","2018-12-16","Apex Cannabis","955 West Broadway Ave, Moses Lake, WA 98837","Moses Lake","98837"
245,"https://weedmaps.com/dispensaries/apex-cannabis-2","2019-06-23","Apex Cannabis","955 West Broadway Ave,Moses Lake,Washington 98837","Moses Lake","98837"
242,"https://weedmaps.com/dispensaries/canna-republic-2","2018-12-16","Canna Republic","11463 Rainer Ave South, Seattle, WA 98178","Seattle","98178"
245,"https://weedmaps.com/dispensaries/canna-republic-2","2019-06-23","Canna Republic","11463 Rainer Ave South,Seattle,Washington 98178","Seattle","98178"
184,"https://weedmaps.com/dispensaries/commencement-bay-cannabis","2017-05-27","Commencement Bay Cannabis","5402 Pacific Hwy East, Fife, WA 98424","Fife","98424"
154,"https://weedmaps.com/dispensaries/discovery-bay-cannabis","2016-11-25","Discovery Bay Cannabis","282023 Highway 101, Port Townsend, Wa 98368","Port Townsend","98368"
154,"https://weedmaps.com/dispensaries/dockside-cannabis","2016-11-25","Dockside Cannabis - Recreational","15029 Aurora Ave N., Shoreline, WA 98133","Shoreline","98133"
184,"https://weedmaps.com/dispensaries/dockside-cannabis","2017-05-27","Dockside Cannabis - Shoreline","15029 Aurora Ave N., Shoreline, WA 98133","Shoreline","98133"
154,"https://weedmaps.com/dispensaries/euphorium-2-6","2016-11-25","Euphorium-Woodinville","21127 WA-9 SE, Woodinville, WA 98072","Woodinville","98072"
184,"https://weedmaps.com/dispensaries/fweedom-cannabis-mount-vernon","2017-05-27","Fweedom Cannabis-Mount Vernon- NOW OPEN ","17869 State Route 536, Mount Vernon, WA 98273","Mount Vernon","98273"
215,"https://weedmaps.com/dispensaries/fweedom-cannabis-mount-vernon","2017-11-25","Fweedom Cannabis-Mount Vernon","17869 State Route 536, Mount Vernon, WA 98273","Mount Vernon","98273"
227,"https://weedmaps.com/dispensaries/fweedom-cannabis-mount-vernon","2018-05-26","Fweedom Cannabis-Mount Vernon","17869 State Route 536, Mount Vernon, WA 98273","Mount Vernon","98273"
242,"https://weedmaps.com/dispensaries/fweedom-cannabis-mount-vernon","2018-12-16","Fweedom Cannabis-Mount Vernon","17869 State Route 536, Mount Vernon, WA 98273","Mount Vernon","98273"
245,"https://weedmaps.com/dispensaries/hypeherbally-holistic-health","2019-06-23","HypeHerbally","14702 HWY 99,Lynnwood,Washington 98087","Lynnwood","98087"
242,"https://weedmaps.com/dispensaries/kush-21-pullman","2018-12-16","Kush21-Pullman - Coming Soon","1212 N Grand Pullman, Pullman, WA 99163","Pullman","99163"
245,"https://weedmaps.com/dispensaries/kush-21-pullman","2019-06-23","Kush21 - Pullman","1212 N Grand Pullman,Pullman,Washington 99163","Pullman","99163"
242,"https://weedmaps.com/dispensaries/kush21-vashon","2018-12-16","Kush21- Vashon","19001 Vashon HWY SW, Vashon, WA 98070","Vashon","98070"
245,"https://weedmaps.com/dispensaries/kush21-vashon","2019-06-23","Kush21 - Vashon","19001 Vashon HWY SW,Vashon,Washington 98070","Vashon","98070"
154,"https://weedmaps.com/dispensaries/seattle-cannabis-company","2016-11-25","Seattle Cannabis Company","3230 1st Ave South, Seattle, WA 98134","Seattle","98134"
184,"https://weedmaps.com/dispensaries/seattle-cannabis-company","2017-05-27","Seattle Cannabis Company","3230 1st Ave South, Seattle, WA 98134","Seattle","98134"
154,"https://weedmaps.com/dispensaries/the-cannabis-corner","2016-11-25","The Cannabis Corner","420 Evergreen Drive, North Bonneville, WA 98639","North Bonneville","98639"
255,"https://weedmaps.com/dispensaries/wm-demo-dispensary","2019-12-21","WM Demo Dispensary","Malmalling,Malmalling,WA 6556","Malmalling","6556"
257,"https://weedmaps.com/dispensaries/wm-demo-dispensary","2020-05-04","WM Demo Dispensary","Malmalling,Malmalling,WA 6556","Malmalling","6556"
